strategy,symbol,timeframe,net_profit,max_drawdown,win_rate,total_trades,sharpe_ratio,profit_factor,prop_firm_passed,params
FVG,@ENQ,M5,380599.0546909628,0.0,27.21518987341772,158,0.0,1.041237748912938,True,"{'sweep_lookback': 12, 'tp_rr_ratio': 3.27900279376853, 'sl_atr_mult': 2.925242981493244, 'pos_type': 'Fixed', 'pos_fixed_qty': 0.1}"
FVG,@ENQ,M15,2546096.6854328155,0.0,28.044280442804425,271,0.0,1.3019241660851275,True,"{'sweep_lookback': 31, 'tp_rr_ratio': 3.3589624182694626, 'sl_atr_mult': 1.1308112307097604, 'pos_type': 'Fixed', 'pos_fixed_qty': 0.1}"
FVG,@ENQ,M30,396846.34095801075,0.0,25.555555555555554,180,0.0,1.0482102026129694,True,"{'sweep_lookback': 11, 'tp_rr_ratio': 3.0133015086877233, 'sl_atr_mult': 1.1806389552693934, 'pos_type': 'Fixed', 'pos_fixed_qty': 0.1}"
FVG,@ENQ,H1,1306686.8185510421,0.0,46.724890829694324,229,0.0,1.1310902754031218,True,"{'sweep_lookback': 39, 'tp_rr_ratio': 1.3481548894926219, 'sl_atr_mult': 2.0602328909084635, 'pos_type': 'Fixed', 'pos_fixed_qty': 0.1}"
FVG,@GCE,M5,-89478.23350079721,0.0,33.460076045627375,263,0.0,0.9220367514366128,True,"{'sweep_lookback': 33, 'tp_rr_ratio': 1.8452435601425994, 'sl_atr_mult': 2.747974717852978, 'pos_type': 'Fixed', 'pos_fixed_qty': 0.1}"
FVG,@GCE,M15,226759.96363062243,0.0,30.35019455252918,257,0.0,1.325556441626034,True,"{'sweep_lookback': 23, 'tp_rr_ratio': 2.6777455157999057, 'sl_atr_mult': 1.1182466441941767, 'pos_type': 'Fixed', 'pos_fixed_qty': 0.1}"
FVG,@GCE,M30,-79903.7654554723,0.0,30.935251798561154,139,0.0,0.8364217802397607,True,"{'sweep_lookback': 27, 'tp_rr_ratio': 1.826184415518493, 'sl_atr_mult': 1.0060112616736825, 'pos_type': 'Fixed', 'pos_fixed_qty': 0.1}"
FVG,@GCE,H1,81981.55450830067,0.0,23.25581395348837,86,0.0,1.1115258797651515,True,"{'sweep_lookback': 16, 'tp_rr_ratio': 3.105258995326136, 'sl_atr_mult': 2.7757368493056047, 'pos_type': 'Fixed', 'pos_fixed_qty': 0.1}"
FVG,@MES,M5,185164.78270627107,0.0,48.40909090909091,440,0.0,1.0639930069320547,True,"{'sweep_lookback': 12, 'tp_rr_ratio': 1.0550731188901605, 'sl_atr_mult': 2.9895089433557778, 'pos_type': 'Fixed', 'pos_fixed_qty': 0.1}"
FVG,@MES,M15,226603.89928015805,0.0,23.333333333333332,60,0.0,1.1939055618337295,True,"{'sweep_lookback': 29, 'tp_rr_ratio': 3.900837794364752, 'sl_atr_mult': 2.7223183291341484, 'pos_type': 'Fixed', 'pos_fixed_qty': 0.1}"
FVG,@MES,M30,-273270.40079321724,0.0,18.012422360248447,161,0.0,0.8305253525637294,True,"{'sweep_lookback': 30, 'tp_rr_ratio': 3.9861894462463825, 'sl_atr_mult': 1.0166393619654288, 'pos_type': 'Fixed', 'pos_fixed_qty': 0.1}"
FVG,@MES,H1,435823.83242849977,0.0,34.02061855670103,194,0.0,1.2033610762248004,True,"{'sweep_lookback': 11, 'tp_rr_ratio': 2.497115659764501, 'sl_atr_mult': 1.9152724280057647, 'pos_type': 'Fixed', 'pos_fixed_qty': 0.1}"
FVG,@RTY,M5,144388.22639721772,0.0,25.523809523809526,525,0.0,1.0801123589395818,True,"{'sweep_lookback': 20, 'tp_rr_ratio': 3.094552436001293, 'sl_atr_mult': 1.652656889276103, 'pos_type': 'Fixed', 'pos_fixed_qty': 0.1}"
FVG,@RTY,M15,-342001.3611083676,0.0,37.32394366197183,142,0.0,0.7820042193055394,True,"{'sweep_lookback': 30, 'tp_rr_ratio': 1.4718390761340092, 'sl_atr_mult': 2.855099947242973, 'pos_type': 'Fixed', 'pos_fixed_qty': 0.1}"
FVG,@RTY,M30,-39810.017279468215,0.0,30.666666666666664,75,0.0,0.9534400420832984,True,"{'sweep_lookback': 35, 'tp_rr_ratio': 2.5993861880728035, 'sl_atr_mult': 1.9396097516228332, 'pos_type': 'Fixed', 'pos_fixed_qty': 0.1}"
FVG,@RTY,H1,-43652.41485550659,0.0,24.242424242424242,99,0.0,0.959984380851584,True,"{'sweep_lookback': 37, 'tp_rr_ratio': 3.5903769982629363, 'sl_atr_mult': 2.278800252102949, 'pos_type': 'Fixed', 'pos_fixed_qty': 0.1}"
GoldenZone,@ENQ,M5,0.0,0.0,0.0,0,0.0,0.0,False,"{'swing_strength': 8, 'golden_zone_low_pct': 0.5116360497502239, 'golden_zone_high_pct': 0.6350609373791073, 'rsi_period': 17, 'rsi_oversold': 28.571021619922643, 'min_range_atr_mult': 2.5599728429091466, 'sl_atr_mult': 1.1157648557612763, 'tp_rr_ratio': 1.7667098885680321, 'tp_extension_factor': 1.5997737450425393, 'pos_type': 'Fixed', 'pos_fixed_qty': 0.1}"
GoldenZone,@ENQ,M15,0.0,0.0,0.0,0,0.0,0.0,False,"{'swing_strength': 10, 'golden_zone_low_pct': 0.5171567114737853, 'golden_zone_high_pct': 0.6305445294828322, 'rsi_period': 20, 'rsi_oversold': 32.64805902756559, 'min_range_atr_mult': 1.3194103378784667, 'sl_atr_mult': 1.9471816321250435, 'tp_rr_ratio': 3.0535051502796606, 'tp_extension_factor': 1.1481416950053018, 'pos_type': 'Fixed', 'pos_fixed_qty': 0.1}"
GoldenZone,@ENQ,M30,0.0,0.0,0.0,0,0.0,0.0,False,"{'swing_strength': 7, 'golden_zone_low_pct': 0.48594641872621047, 'golden_zone_high_pct': 0.6206526357020323, 'rsi_period': 13, 'rsi_oversold': 37.489042028577664, 'min_range_atr_mult': 3.7298154901415903, 'sl_atr_mult': 2.004758311501461, 'tp_rr_ratio': 3.0102277215012507, 'tp_extension_factor': 1.3256157556657435, 'pos_type': 'Fixed', 'pos_fixed_qty': 0.1}"
GoldenZone,@ENQ,H1,0.0,0.0,0.0,0,0.0,0.0,False,"{'swing_strength': 6, 'golden_zone_low_pct': 0.5236284362971692, 'golden_zone_high_pct': 0.6380284453616942, 'rsi_period': 21, 'rsi_oversold': 34.95789371947458, 'min_range_atr_mult': 2.548683187035522, 'sl_atr_mult': 2.3997316401515736, 'tp_rr_ratio': 3.336714147107426, 'tp_extension_factor': 1.3021369785299834, 'pos_type': 'Fixed', 'pos_fixed_qty': 0.1}"
GoldenZone,@GCE,M5,0.0,0.0,0.0,0,0.0,0.0,False,"{'swing_strength': 5, 'golden_zone_low_pct': 0.5394193177084302, 'golden_zone_high_pct': 0.6368506007327263, 'rsi_period': 16, 'rsi_oversold': 24.835612954256547, 'min_range_atr_mult': 3.073160357874112, 'sl_atr_mult': 1.8716602716612165, 'tp_rr_ratio': 1.524145082872229, 'tp_extension_factor': 1.2802848354056884, 'pos_type': 'Fixed', 'pos_fixed_qty': 0.1}"
GoldenZone,@GCE,M15,0.0,0.0,0.0,0,0.0,0.0,False,"{'swing_strength': 7, 'golden_zone_low_pct': 0.4741811825453984, 'golden_zone_high_pct': 0.6468439092453468, 'rsi_period': 12, 'rsi_oversold': 36.24735662768506, 'min_range_atr_mult': 2.391241818660051, 'sl_atr_mult': 2.302419521883272, 'tp_rr_ratio': 3.966844344449295, 'tp_extension_factor': 1.1250229098045188, 'pos_type': 'Fixed', 'pos_fixed_qty': 0.1}"
GoldenZone,@GCE,M30,0.0,0.0,0.0,0,0.0,0.0,False,"{'swing_strength': 5, 'golden_zone_low_pct': 0.46202828316712174, 'golden_zone_high_pct': 0.6113104951815069, 'rsi_period': 17, 'rsi_oversold': 28.931156670827175, 'min_range_atr_mult': 1.6552756597460714, 'sl_atr_mult': 2.284561224385501, 'tp_rr_ratio': 3.6655914738264888, 'tp_extension_factor': 1.020646976266928, 'pos_type': 'Fixed', 'pos_fixed_qty': 0.1}"
GoldenZone,@GCE,H1,0.0,0.0,0.0,0,0.0,0.0,False,"{'swing_strength': 6, 'golden_zone_low_pct': 0.5362344907966534, 'golden_zone_high_pct': 0.6194072506809621, 'rsi_period': 8, 'rsi_oversold': 32.206616059546995, 'min_range_atr_mult': 1.3275159328350612, 'sl_atr_mult': 1.8068243399201882, 'tp_rr_ratio': 3.0931714846729514, 'tp_extension_factor': 1.1393851681445413, 'pos_type': 'Fixed', 'pos_fixed_qty': 0.1}"
GoldenZone,@MES,M5,0.0,0.0,0.0,0,0.0,0.0,False,"{'swing_strength': 6, 'golden_zone_low_pct': 0.526283256681388, 'golden_zone_high_pct': 0.6460218401791188, 'rsi_period': 17, 'rsi_oversold': 37.00743680781913, 'min_range_atr_mult': 3.0908945039375704, 'sl_atr_mult': 2.481068213924711, 'tp_rr_ratio': 3.6511957740054584, 'tp_extension_factor': 1.0107613040645564, 'pos_type': 'Fixed', 'pos_fixed_qty': 0.1}"
GoldenZone,@MES,M15,0.0,0.0,0.0,0,0.0,0.0,False,"{'swing_strength': 5, 'golden_zone_low_pct': 0.45967833247110745, 'golden_zone_high_pct': 0.6382039613965966, 'rsi_period': 21, 'rsi_oversold': 23.142924451910464, 'min_range_atr_mult': 2.960047084632002, 'sl_atr_mult': 2.634837278853543, 'tp_rr_ratio': 1.6092172075217177, 'tp_extension_factor': 1.6179644471134633, 'pos_type': 'Fixed', 'pos_fixed_qty': 0.1}"
GoldenZone,@MES,M30,0.0,0.0,0.0,0,0.0,0.0,False,"{'swing_strength': 10, 'golden_zone_low_pct': 0.529027236247089, 'golden_zone_high_pct': 0.6140756934749753, 'rsi_period': 15, 'rsi_oversold': 37.38397912508072, 'min_range_atr_mult': 1.670872526070059, 'sl_atr_mult': 1.2494345771092719, 'tp_rr_ratio': 2.713574757172739, 'tp_extension_factor': 1.384095828533498, 'pos_type': 'Fixed', 'pos_fixed_qty': 0.1}"
GoldenZone,@MES,H1,0.0,0.0,0.0,0,0.0,0.0,False,"{'swing_strength': 12, 'golden_zone_low_pct': 0.5105514917901384, 'golden_zone_high_pct': 0.622255531082822, 'rsi_period': 19, 'rsi_oversold': 34.17313642344389, 'min_range_atr_mult': 1.0362290681978363, 'sl_atr_mult': 2.8665418632370394, 'tp_rr_ratio': 2.089427476510527, 'tp_extension_factor': 1.057885474157534, 'pos_type': 'Fixed', 'pos_fixed_qty': 0.1}"
GoldenZone,@RTY,M5,0.0,0.0,0.0,0,0.0,0.0,False,"{'swing_strength': 10, 'golden_zone_low_pct': 0.48205264782410795, 'golden_zone_high_pct': 0.6485923839436271, 'rsi_period': 16, 'rsi_oversold': 37.60414404632836, 'min_range_atr_mult': 1.547956848190014, 'sl_atr_mult': 0.7972600289968816, 'tp_rr_ratio': 3.9299517386081346, 'tp_extension_factor': 1.2131932112103954, 'pos_type': 'Fixed', 'pos_fixed_qty': 0.1}"
GoldenZone,@RTY,M15,0.0,0.0,0.0,0,0.0,0.0,False,"{'swing_strength': 11, 'golden_zone_low_pct': 0.5013209654833735, 'golden_zone_high_pct': 0.603831999088072, 'rsi_period': 16, 'rsi_oversold': 30.04679613871815, 'min_range_atr_mult': 1.1936429514693758, 'sl_atr_mult': 2.082432279341857, 'tp_rr_ratio': 1.1226441859189085, 'tp_extension_factor': 1.4705308204782548, 'pos_type': 'Fixed', 'pos_fixed_qty': 0.1}"
GoldenZone,@RTY,M30,0.0,0.0,0.0,0,0.0,0.0,False,"{'swing_strength': 12, 'golden_zone_low_pct': 0.4771160676159529, 'golden_zone_high_pct': 0.6349203904870084, 'rsi_period': 16, 'rsi_oversold': 26.972784278952595, 'min_range_atr_mult': 2.803820340086505, 'sl_atr_mult': 2.3951474194471114, 'tp_rr_ratio': 2.7423505839114144, 'tp_extension_factor': 1.3830327076403188, 'pos_type': 'Fixed', 'pos_fixed_qty': 0.1}"
GoldenZone,@RTY,H1,0.0,0.0,0.0,0,0.0,0.0,False,"{'swing_strength': 12, 'golden_zone_low_pct': 0.5318942271868593, 'golden_zone_high_pct': 0.6166981605305417, 'rsi_period': 21, 'rsi_oversold': 38.951826042629556, 'min_range_atr_mult': 3.6086581045541357, 'sl_atr_mult': 1.9917441236806344, 'tp_rr_ratio': 1.5674265365672602, 'tp_extension_factor': 1.506872092871646, 'pos_type': 'Fixed', 'pos_fixed_qty': 0.1}"
GoldSeasonality,@ENQ,M5,16.721225486420735,0.0,32.94117647058823,85,0.0,1.167440499861001,True,"{'pullback_atr_mult': 0.60802273715114, 'tp_rr_ratio': 3.0672583061721723, 'sl_atr_mult': 2.9821101922153104, 'pos_type': 'Fixed', 'pos_fixed_qty': 0.1}"
GoldSeasonality,@ENQ,M15,134.0873335089127,0.0,41.08527131782946,129,0.0,1.4664470016864983,True,"{'pullback_atr_mult': 0.7916920119221029, 'tp_rr_ratio': 1.9111518501643316, 'sl_atr_mult': 1.682446216341536, 'pos_type': 'Fixed', 'pos_fixed_qty': 0.1}"
GoldSeasonality,@ENQ,M30,401.8757844702777,0.0,41.88034188034188,117,0.0,1.9345605934290881,True,"{'pullback_atr_mult': 0.8108621703569145, 'tp_rr_ratio': 2.40925236871751, 'sl_atr_mult': 1.3641806499872522, 'pos_type': 'Fixed', 'pos_fixed_qty': 0.1}"
GoldSeasonality,@ENQ,H1,214.11583369950677,0.0,35.24590163934426,122,0.0,1.6508641811196674,True,"{'pullback_atr_mult': 1.355653577237685, 'tp_rr_ratio': 3.2723320606677517, 'sl_atr_mult': 1.4370015201388975, 'pos_type': 'Fixed', 'pos_fixed_qty': 0.1}"
GoldSeasonality,@GCE,M5,-51.527987038571155,0.0,30.526315789473685,95,0.0,1.429220616705056,True,"{'pullback_atr_mult': 0.3100856157877561, 'tp_rr_ratio': 3.333987102071251, 'sl_atr_mult': 1.9912984166770824, 'pos_type': 'Fixed', 'pos_fixed_qty': 0.1}"
GoldSeasonality,@GCE,M15,-66.40105572610628,0.0,37.735849056603776,106,0.0,1.1887687829429765,True,"{'pullback_atr_mult': 0.649801089872579, 'tp_rr_ratio': 2.1734874769792305, 'sl_atr_mult': 1.712986975736912, 'pos_type': 'Fixed', 'pos_fixed_qty': 0.1}"
GoldSeasonality,@GCE,M30,-54.105798257747665,0.0,50.96153846153846,104,0.0,1.3760375157398699,True,"{'pullback_atr_mult': 1.1469791043254973, 'tp_rr_ratio': 1.5189093378665683, 'sl_atr_mult': 2.003256080396534, 'pos_type': 'Fixed', 'pos_fixed_qty': 0.1}"
GoldSeasonality,@GCE,H1,-27.2944483851752,0.0,31.506849315068493,73,0.0,1.5735349010550996,True,"{'pullback_atr_mult': 0.7209725872254147, 'tp_rr_ratio': 3.6404127379542826, 'sl_atr_mult': 2.728653536876503, 'pos_type': 'Fixed', 'pos_fixed_qty': 0.1}"
GoldSeasonality,@MES,M5,21.99805251116777,0.0,52.94117647058824,85,0.0,2.1484270095258555,True,"{'pullback_atr_mult': 0.3390290377295398, 'tp_rr_ratio': 1.9942856696738005, 'sl_atr_mult': 2.379235212785218, 'pos_type': 'Fixed', 'pos_fixed_qty': 0.1}"
GoldSeasonality,@MES,M15,-25.128302712982986,0.0,60.0,130,0.0,1.791217643494663,True,"{'pullback_atr_mult': 0.9540616715289616, 'tp_rr_ratio': 1.2364219025024727, 'sl_atr_mult': 1.6468386401631778, 'pos_type': 'Fixed', 'pos_fixed_qty': 0.1}"
GoldSeasonality,@MES,M30,39.581498364626896,0.0,42.71844660194174,103,0.0,1.8628596861458124,True,"{'pullback_atr_mult': 1.351240597340576, 'tp_rr_ratio': 2.0755155400155703, 'sl_atr_mult': 1.6278903629334112, 'pos_type': 'Fixed', 'pos_fixed_qty': 0.1}"
GoldSeasonality,@MES,H1,-14.39741615440289,0.0,42.608695652173914,115,0.0,1.7050392586896945,True,"{'pullback_atr_mult': 1.0874679020305227, 'tp_rr_ratio': 2.3598803932693126, 'sl_atr_mult': 1.3847842069888927, 'pos_type': 'Fixed', 'pos_fixed_qty': 0.1}"
GoldSeasonality,@RTY,M5,-67.89901151827507,0.0,28.82882882882883,111,0.0,1.2650281000311063,True,"{'pullback_atr_mult': 1.1358372108589103, 'tp_rr_ratio': 3.6399599562207396, 'sl_atr_mult': 1.9422763033413835, 'pos_type': 'Fixed', 'pos_fixed_qty': 0.1}"
GoldSeasonality,@RTY,M15,-86.93254741821875,0.0,47.96747967479675,123,0.0,0.9874137496012608,True,"{'pullback_atr_mult': 0.9016821587076218, 'tp_rr_ratio': 1.2803893797353953, 'sl_atr_mult': 2.32626602644165, 'pos_type': 'Fixed', 'pos_fixed_qty': 0.1}"
GoldSeasonality,@RTY,M30,-65.10639887714933,0.0,52.75590551181102,127,0.0,1.4612788549586941,True,"{'pullback_atr_mult': 0.9024231838161518, 'tp_rr_ratio': 1.2308843115095027, 'sl_atr_mult': 1.430670867514614, 'pos_type': 'Fixed', 'pos_fixed_qty': 0.1}"
GoldSeasonality,@RTY,H1,-65.37756302894559,0.0,35.59322033898305,118,0.0,1.25620206989138,True,"{'pullback_atr_mult': 1.4016500083864603, 'tp_rr_ratio': 2.7512673641850833, 'sl_atr_mult': 2.01993769389865, 'pos_type': 'Fixed', 'pos_fixed_qty': 0.1}"
LondonBreakout,@ENQ,M5,1123023.4377738568,0.0,40.19607843137255,102,0.0,1.2753433702229273,True,"{'buffer_pips': 2.6824223355537606, 'sl_range_mult': 1.1600108783307006, 'tp_rr_ratio': 2.137222030523706, 'pos_type': 'Fixed', 'pos_fixed_qty': 0.1}"
LondonBreakout,@ENQ,M15,918217.0429480398,0.0,41.02564102564102,117,0.0,1.1740357059354418,True,"{'buffer_pips': 4.708159041394968, 'sl_range_mult': 1.1291455938786752, 'tp_rr_ratio': 2.154646579808078, 'pos_type': 'Fixed', 'pos_fixed_qty': 0.1}"
LondonBreakout,@ENQ,M30,685460.2165564601,0.0,29.245283018867923,106,0.0,1.1662468633455567,True,"{'buffer_pips': 3.8954365893693708, 'sl_range_mult': 0.8542765874824296, 'tp_rr_ratio': 3.320243945366557, 'pos_type': 'Fixed', 'pos_fixed_qty': 0.1}"
LondonBreakout,@ENQ,H1,-328225.1372560941,0.0,46.666666666666664,120,0.0,0.9262341406500169,True,"{'buffer_pips': 2.5935673637978756, 'sl_range_mult': 1.0148088870695067, 'tp_rr_ratio': 1.362808544277698, 'pos_type': 'Fixed', 'pos_fixed_qty': 0.1}"
LondonBreakout,@GCE,M5,113975.83330435705,0.0,39.02439024390244,82,0.0,1.366428392345682,True,"{'buffer_pips': 4.585858003080285, 'sl_range_mult': 1.00161557251672, 'tp_rr_ratio': 2.438537056299832, 'pos_type': 'Fixed', 'pos_fixed_qty': 0.1}"
LondonBreakout,@GCE,M15,-10773.283567340339,0.0,48.148148148148145,81,0.0,0.9389703525489714,True,"{'buffer_pips': 2.6902708880888397, 'sl_range_mult': 0.6623777963799482, 'tp_rr_ratio': 1.0850960787302966, 'pos_type': 'Fixed', 'pos_fixed_qty': 0.1}"
LondonBreakout,@GCE,M30,116517.79876415728,0.0,56.9620253164557,79,0.0,1.3174363247614382,True,"{'buffer_pips': 3.8648861480802856, 'sl_range_mult': 1.4469385952610228, 'tp_rr_ratio': 1.159380510487006, 'pos_type': 'Fixed', 'pos_fixed_qty': 0.1}"
LondonBreakout,@GCE,H1,27347.823919880946,0.0,34.5679012345679,81,0.0,1.1811048055342026,True,"{'buffer_pips': 4.592459961764636, 'sl_range_mult': 0.44271091449817257, 'tp_rr_ratio': 2.6437565326233323, 'pos_type': 'Fixed', 'pos_fixed_qty': 0.1}"
LondonBreakout,@MES,M5,57855.24587456495,0.0,41.284403669724774,109,0.0,1.2237728622106328,True,"{'buffer_pips': 4.9928756324693016, 'sl_range_mult': 0.40199609410518544, 'tp_rr_ratio': 1.594556850305798, 'pos_type': 'Fixed', 'pos_fixed_qty': 0.1}"
LondonBreakout,@MES,M15,-9048.061259769238,0.0,43.333333333333336,120,0.0,0.9880436491391695,True,"{'buffer_pips': 1.118338554139735, 'sl_range_mult': 0.8992290279857349, 'tp_rr_ratio': 1.354346720048945, 'pos_type': 'Fixed', 'pos_fixed_qty': 0.1}"
LondonBreakout,@MES,M30,-91311.22286910393,0.0,27.67857142857143,112,0.0,0.8880780954589284,True,"{'buffer_pips': 0.9345170649502152, 'sl_range_mult': 0.803298509140411, 'tp_rr_ratio': 2.4928831185807825, 'pos_type': 'Fixed', 'pos_fixed_qty': 0.1}"
LondonBreakout,@MES,H1,182286.03845313628,0.0,28.57142857142857,119,0.0,1.1972292011764012,True,"{'buffer_pips': 1.646227893495307, 'sl_range_mult': 0.8595462545088668, 'tp_rr_ratio': 3.595029485458519, 'pos_type': 'Fixed', 'pos_fixed_qty': 0.1}"
LondonBreakout,@RTY,M5,-145186.73897853005,0.0,24.770642201834864,109,0.0,0.6522967047937361,True,"{'buffer_pips': 2.7565334642476262, 'sl_range_mult': 0.6791535296936136, 'tp_rr_ratio': 2.3263861003815935, 'pos_type': 'Fixed', 'pos_fixed_qty': 0.1}"
LondonBreakout,@RTY,M15,-304343.38089090964,0.0,33.33333333333333,117,0.0,0.6669425837825003,True,"{'buffer_pips': 3.9827232724767585, 'sl_range_mult': 1.4282999173825095, 'tp_rr_ratio': 1.657251268792879, 'pos_type': 'Fixed', 'pos_fixed_qty': 0.1}"
LondonBreakout,@RTY,M30,-109427.9471575694,0.0,38.73873873873874,111,0.0,0.8339654087525196,True,"{'buffer_pips': 2.5402432880691377, 'sl_range_mult': 1.0947459925142329, 'tp_rr_ratio': 1.5561835915183386, 'pos_type': 'Fixed', 'pos_fixed_qty': 0.1}"
LondonBreakout,@RTY,H1,-123046.17920355801,0.0,31.092436974789916,119,0.0,0.7077417024637225,True,"{'buffer_pips': 2.249146102518716, 'sl_range_mult': 0.6434218962146433, 'tp_rr_ratio': 1.8077824189102554, 'pos_type': 'Fixed', 'pos_fixed_qty': 0.1}"
ORB,@ENQ,M5,-120.47891869760497,0.0,21.73913043478261,69,0.0,0.735244681531004,True,"{'opening_range_minutes': 18, 'buffer_pips': 4.393222494061131, 'tp_rr_ratio': 2.850281995057097, 'pos_type': 'Fixed', 'pos_fixed_qty': 0.1}"
ORB,@ENQ,M15,-118.78239838070294,0.0,19.587628865979383,97,0.0,0.8830760076274953,True,"{'opening_range_minutes': 29, 'buffer_pips': 1.6761262094215137, 'tp_rr_ratio': 3.686259967571176, 'pos_type': 'Fixed', 'pos_fixed_qty': 0.1}"
ORB,@ENQ,M30,-97.64489914738078,0.0,24.193548387096776,62,0.0,0.8077274288086408,True,"{'opening_range_minutes': 11, 'buffer_pips': 4.861900355999432, 'tp_rr_ratio': 2.8502826873375593, 'pos_type': 'Fixed', 'pos_fixed_qty': 0.1}"
ORB,@ENQ,H1,-183.5164770208503,0.0,37.28813559322034,118,0.0,0.6807955811454928,True,"{'opening_range_minutes': 10, 'buffer_pips': 0.9443902951128718, 'tp_rr_ratio': 1.2753634425843825, 'pos_type': 'Fixed', 'pos_fixed_qty': 0.1}"
ORB,@GCE,M5,0.0,0.0,0.0,0,0.0,0.0,False,"{'opening_range_minutes': 23, 'buffer_pips': 3.20008667361296, 'tp_rr_ratio': 3.7029423545890863, 'pos_type': 'Fixed', 'pos_fixed_qty': 0.1}"
ORB,@GCE,M15,0.0,0.0,0.0,0,0.0,0.0,False,"{'opening_range_minutes': 26, 'buffer_pips': 2.47495301412292, 'tp_rr_ratio': 1.3788889469685919, 'pos_type': 'Fixed', 'pos_fixed_qty': 0.1}"
ORB,@GCE,M30,0.0,0.0,0.0,0,0.0,0.0,False,"{'opening_range_minutes': 12, 'buffer_pips': 4.822437638818663, 'tp_rr_ratio': 3.8720463362719446, 'pos_type': 'Fixed', 'pos_fixed_qty': 0.1}"
ORB,@GCE,H1,0.0,0.0,0.0,0,0.0,0.0,False,"{'opening_range_minutes': 28, 'buffer_pips': 2.9331718704926923, 'tp_rr_ratio': 3.4094507587286516, 'pos_type': 'Fixed', 'pos_fixed_qty': 0.1}"
ORB,@MES,M5,-28.921298796230985,0.0,49.122807017543856,57,0.0,1.5358731521063052,True,"{'opening_range_minutes': 10, 'buffer_pips': 1.4255945632558957, 'tp_rr_ratio': 1.586197918274875, 'pos_type': 'Fixed', 'pos_fixed_qty': 0.1}"
ORB,@MES,M15,-61.206109674152685,0.0,16.666666666666664,48,0.0,0.4711473242499886,True,"{'opening_range_minutes': 30, 'buffer_pips': 1.2477642637271509, 'tp_rr_ratio': 2.306578225167583, 'pos_type': 'Fixed', 'pos_fixed_qty': 0.1}"
ORB,@MES,M30,-4.360240277201228,0.0,20.0,5,0.0,0.744166460311145,True,"{'opening_range_minutes': 19, 'buffer_pips': 4.59364879102851, 'tp_rr_ratio': 3.336346297061589, 'pos_type': 'Fixed', 'pos_fixed_qty': 0.1}"
ORB,@MES,H1,-23.87821019871626,0.0,25.0,20,0.0,0.3098193747626339,True,"{'opening_range_minutes': 14, 'buffer_pips': 3.2722915836577258, 'tp_rr_ratio': 1.5225029360652846, 'pos_type': 'Fixed', 'pos_fixed_qty': 0.1}"
ORB,@RTY,M5,-21.144259105072706,0.0,33.33333333333333,30,0.0,0.9893141403670531,True,"{'opening_range_minutes': 29, 'buffer_pips': 1.0890511164456655, 'tp_rr_ratio': 1.7356388427492218, 'pos_type': 'Fixed', 'pos_fixed_qty': 0.1}"
ORB,@RTY,M15,-1.5199999999967986,0.0,0.0,1,0.0,0.0,False,"{'opening_range_minutes': 11, 'buffer_pips': 3.9741177912776515, 'tp_rr_ratio': 2.8326104575553175, 'pos_type': 'Fixed', 'pos_fixed_qty': 0.1}"
ORB,@RTY,M30,-6.2700000000040745,0.0,0.0,4,0.0,0.0,False,"{'opening_range_minutes': 24, 'buffer_pips': 3.1534804927784457, 'tp_rr_ratio': 1.23684910087522, 'pos_type': 'Fixed', 'pos_fixed_qty': 0.1}"
ORB,@RTY,H1,-11.524719760971493,0.0,23.076923076923077,13,0.0,0.7055592275698581,True,"{'opening_range_minutes': 24, 'buffer_pips': 1.8029379401826011, 'tp_rr_ratio': 3.11543176355915, 'pos_type': 'Fixed', 'pos_fixed_qty': 0.1}"
VWAPPullback,@ENQ,M5,125911.44201669679,0.0,31.53153153153153,111,0.0,1.00916129997914,True,"{'deviation_mult': 2.3443263952262283, 'pullback_atr_mult': 1.0229956032470726, 'tp_rr_ratio': 2.5644604763180174, 'pos_type': 'Fixed', 'pos_fixed_qty': 0.1}"
VWAPPullback,@ENQ,M15,-13761073.396084864,0.0,31.40495867768595,121,0.0,0.637353207929151,True,"{'deviation_mult': 2.2525704857700197, 'pullback_atr_mult': 0.7995861093879517, 'tp_rr_ratio': 1.3875071795384204, 'pos_type': 'Fixed', 'pos_fixed_qty': 0.1}"
VWAPPullback,@ENQ,M30,13819505.497402195,0.0,27.058823529411764,85,0.0,1.259910644458613,True,"{'deviation_mult': 1.3889111506861784, 'pullback_atr_mult': 1.134145484610094, 'tp_rr_ratio': 3.3590228011143464, 'pos_type': 'Fixed', 'pos_fixed_qty': 0.1}"
VWAPPullback,@ENQ,H1,-14569728.959276156,0.0,21.428571428571427,112,0.0,0.6578818662308042,True,"{'deviation_mult': 0.84136118338123, 'pullback_atr_mult': 0.3223352527043878, 'tp_rr_ratio': 3.0471548654674354, 'pos_type': 'Fixed', 'pos_fixed_qty': 0.1}"
VWAPPullback,@GCE,M5,414509.8646845014,0.0,52.054794520547944,73,0.0,1.5367974015522594,True,"{'deviation_mult': 1.2931672962189427, 'pullback_atr_mult': 1.1090200562407933, 'tp_rr_ratio': 1.3220235911670422, 'pos_type': 'Fixed', 'pos_fixed_qty': 0.1}"
VWAPPullback,@GCE,M15,78878.41977920348,0.0,37.5,64,0.0,1.0410531526466718,True,"{'deviation_mult': 2.255137407940076, 'pullback_atr_mult': 1.4189004067609754, 'tp_rr_ratio': 1.621213046167262, 'pos_type': 'Fixed', 'pos_fixed_qty': 0.1}"
VWAPPullback,@GCE,M30,-141637.72285599104,0.0,33.33333333333333,15,0.0,0.8614408721185262,True,"{'deviation_mult': 1.9658843941766473, 'pullback_atr_mult': 0.46442809375719857, 'tp_rr_ratio': 1.8530205005661167, 'pos_type': 'Fixed', 'pos_fixed_qty': 0.1}"
VWAPPullback,@GCE,H1,-562277.9603222916,0.0,30.88235294117647,68,0.0,0.7353097925342702,True,"{'deviation_mult': 1.6316236617105178, 'pullback_atr_mult': 1.0057229624197714, 'tp_rr_ratio': 1.734592650760575, 'pos_type': 'Fixed', 'pos_fixed_qty': 0.1}"
VWAPPullback,@MES,M5,968643.4316115187,0.0,51.81818181818182,110,0.0,1.625160981506707,True,"{'deviation_mult': 1.889358771293707, 'pullback_atr_mult': 0.5109140074863212, 'tp_rr_ratio': 1.1654340247943988, 'pos_type': 'Fixed', 'pos_fixed_qty': 0.1}"
VWAPPullback,@MES,M15,2407152.9685182595,0.0,42.4,125,0.0,1.5263885130011263,True,"{'deviation_mult': 1.1601304999120134, 'pullback_atr_mult': 1.1835428210815941, 'tp_rr_ratio': 1.6592404865954442, 'pos_type': 'Fixed', 'pos_fixed_qty': 0.1}"
VWAPPullback,@MES,M30,-3318451.194712325,0.0,18.69158878504673,107,0.0,0.7591733440847419,True,"{'deviation_mult': 1.4047352233116646, 'pullback_atr_mult': 1.4663725176841915, 'tp_rr_ratio': 3.5828802904960697, 'pos_type': 'Fixed', 'pos_fixed_qty': 0.1}"
VWAPPullback,@MES,H1,-2256455.582548391,0.0,31.35593220338983,118,0.0,0.7017176279812802,True,"{'deviation_mult': 1.8825003893866081, 'pullback_atr_mult': 0.706356624625986, 'tp_rr_ratio': 1.6870015775789051, 'pos_type': 'Fixed', 'pos_fixed_qty': 0.1}"
VWAPPullback,@RTY,M5,217188.6160578314,0.0,35.39823008849557,113,0.0,1.1538567539104496,True,"{'deviation_mult': 1.5358469787751572, 'pullback_atr_mult': 0.2503343367667807, 'tp_rr_ratio': 1.6018361087571025, 'pos_type': 'Fixed', 'pos_fixed_qty': 0.1}"
VWAPPullback,@RTY,M15,607723.38020712,0.0,37.1900826446281,121,0.0,1.1538031508314295,True,"{'deviation_mult': 1.725790737453665, 'pullback_atr_mult': 0.4915341093969759, 'tp_rr_ratio': 1.8857176274045764, 'pos_type': 'Fixed', 'pos_fixed_qty': 0.1}"
VWAPPullback,@RTY,M30,-1447511.1475143086,0.0,25.882352941176475,85,0.0,0.7991802130138305,True,"{'deviation_mult': 1.7359196742388328, 'pullback_atr_mult': 1.1611616199760695, 'tp_rr_ratio': 2.562190882612886, 'pos_type': 'Fixed', 'pos_fixed_qty': 0.1}"
VWAPPullback,@RTY,H1,-95312.5609837871,0.0,28.333333333333332,120,0.0,0.981154321222269,True,"{'deviation_mult': 2.2040408149072723, 'pullback_atr_mult': 0.7409481799778921, 'tp_rr_ratio': 2.973473852813552, 'pos_type': 'Fixed', 'pos_fixed_qty': 0.1}"
